Time (hours),Distance from Spawning Point (pixels)
6.972222222222223e-05,-2
7.416666666666666e-05,-4
7.88888888888889e-05,-6
8.333333333333333e-05,-8
8.805555555555556e-05,-10
9.25e-05,-12
9.694444444444445e-05,-15
0.00010166666666666667,-18
0.00010638888888888888,-21
0.00011083333333333333,-24
0.00011555555555555555,-27
0.00012027777777777777,-30
0.000125,-33
0.00012972222222222223,-36
0.00013416666666666666,-39
0.0001386111111111111,-42
0.00014333333333333334,-45
0.0001477777777777778,-48
0.0001525,-51
0.00015694444444444444,-54
0.0001613888888888889,-57
0.0001661111111111111,-60
0.00017083333333333333,-63
0.00017555555555555556,-66
0.00018,-69
0.00018472222222222222,-72
0.00018944444444444445,-75
0.0001938888888888889,-78
0.0001986111111111111,-81
0.00020333333333333333,-84
0.00020805555555555557,-87
0.00021277777777777777,-90
0.0002175,-93
0.00022222222222222223,-96
0.00022666666666666666,-99
0.0002311111111111111,-102
0.00023555555555555556,-105
0.0002402777777777778,-108
0.000245,-111
0.0002497222222222222,-114
0.00025444444444444446,-117
0.00025916666666666666,-120
0.0002636111111111111,-123
0.00026805555555555556,-126
0.0002725,-129
0.00027694444444444446,-132
0.0002813888888888889,-135
0.0002861111111111111,-138
0.0002908333333333333,-141
0.00029527777777777777,-144
0.0002997222222222222,-147
0.0003044444444444444,-150
0.0003091666666666667,-153
0.00031361111111111113,-156
0.00031833333333333334,-159
0.0003227777777777778,-162
0.0003275,-165
0.0003322222222222222,-168
0.00033666666666666665,-171
0.0003413888888888889,-174
0.0003461111111111111,-177
0.00035055555555555556,-180
0.00035527777777777776,-183
0.0003597222222222222,-186
0.0003644444444444444,-189
0.00036888888888888887,-192
0.00037361111111111113,-196
0.00037833333333333333,-200
0.0003827777777777778,-204
0.00038722222222222223,-208
0.00039194444444444444,-212
0.00039666666666666664,-216
0.0004013888888888889,-220
0.00040583333333333335,-224
0.00041055555555555555,-228
0.000415,-232
0.0004197222222222222,-236
0.00042416666666666666,-240
0.0004286111111111111,-244
0.0004333333333333333,395
0.00043777777777777776,393
0.0004422222222222222,391
0.0004469444444444444,389
0.0004516666666666667,387
0.0004561111111111111,385
0.0004605555555555556,383
0.0004652777777777778,381
0.00046972222222222223,379
0.0004741666666666667,377
0.00047861111111111113,375
0.00048333333333333334,373
0.0004877777777777778,371
0.0004922222222222222,368
0.0004966666666666666,365
0.0005011111111111111,362
0.0005061111111111111,359
0.0005105555555555555,356
0.0005152777777777778,353
0.0005197222222222222,350
0.0005244444444444445,347
0.0005291666666666667,344
0.0005336111111111111,341
0.0005383333333333334,338
0.0005427777777777778,335
0.0005475,332
0.0005522222222222222,329
0.0005566666666666667,326
0.0005613888888888889,323
0.0005658333333333333,320
0.0005702777777777777,317
0.000575,314
0.0005794444444444445,311
0.0005838888888888889,308
0.0005886111111111111,305
0.0005933333333333333,302
0.0005977777777777778,299
0.0006025,296
0.0006069444444444445,293
0.0006116666666666667,290
0.0006161111111111111,287
0.0006208333333333334,284
0.0006255555555555555,281
0.0006302777777777778,277
0.0006347222222222222,273
0.0006391666666666667,269
0.0006438888888888889,265
0.0006486111111111111,261
0.0006533333333333333,257
0.0006577777777777777,253
0.0006625,249
0.0006669444444444444,245
0.0006716666666666667,241
0.0006761111111111112,237
0.0006808333333333333,233
0.0006855555555555556,229
0.0006902777777777778,225
0.0006944444444444445,221
0.0006991666666666666,217
0.0007038888888888889,213
0.0007083333333333334,209
0.0007127777777777778,205
0.0007175,201
0.0007222222222222222,197
0.0007269444444444444,193
0.0007313888888888888,189
0.0007361111111111111,185
0.0007411111111111111,181
0.0007455555555555555,177
0.0007502777777777778,173
0.0007547222222222223,169
0.0007594444444444444,165
0.0007638888888888889,161
0.0007683333333333333,156
0.0007733333333333333,151
0.0007777777777777777,146
0.0007822222222222222,141
0.0007869444444444445,136
0.0007916666666666666,131
0.0007958333333333333,126
0.0008002777777777778,121
0.0008047222222222222,116
0.0008091666666666667,111
0.0008136111111111111,106
0.0008180555555555556,101
0.0008225,96
0.0008272222222222222,91
0.0008322222222222223,86
0.0008363888888888889,81
0.0008411111111111112,76
0.0008458333333333333,71
0.0008505555555555556,66
0.0008552777777777778,61
0.00086,56
0.000865,51
0.0008694444444444445,46
0.0008738888888888889,41
0.0008783333333333333,36
0.0008827777777777778,31
0.0008877777777777778,26
0.0008925,21
0.0008972222222222222,16
0.0009019444444444445,11
0.0009063888888888889,5
0.0009108333333333334,-1
0.0009152777777777778,-7
0.00092,-13
0.0009247222222222222,-19
0.0009294444444444444,-25
0.0009338888888888889,-31
0.0009386111111111111,-37
0.0009427777777777777,-43
0.0009475,-49
0.0009522222222222223,-55
0.0009566666666666666,-61
0.0009611111111111112,-67
0.0009655555555555555,-73
0.0009702777777777778,-79
0.000975,-85
0.0009794444444444445,-91
0.000983888888888889,-97
0.0009883333333333333,-103
0.0009930555555555556,-109
0.0009975,-115
0.0010019444444444444,-121
0.0010066666666666666,-127
0.001011111111111111,-133
0.0010158333333333334,-139
0.0010202777777777777,-145
0.0010247222222222222,-151
0.0010294444444444444,-157
0.0010338888888888889,-163
0.0010383333333333334,-169
0.0010430555555555555,-176
0.0010480555555555555,-183
0.0010522222222222222,-190
0.0010566666666666667,-197
0.0010613888888888888,-204
0.0010661111111111112,-211
0.0010705555555555555,-218
0.0010752777777777779,-225
0.0010797222222222222,-232
0.0010844444444444445,-239
0.0010891666666666667,395
0.0010933333333333333,392
0.0010980555555555555,389
0.0011025,386
0.0011072222222222221,383
0.0011119444444444445,380
0.0011166666666666666,377
0.0011213888888888888,374
0.0011261111111111111,371
0.0011305555555555557,368
0.0011352777777777778,365
0.00114,362
0.0011444444444444445,359
0.0011491666666666666,356
0.001153888888888889,353
0.0011586111111111111,350
0.0011630555555555556,347
0.0011677777777777778,344
0.0011725,341
0.0011772222222222223,338
0.0011816666666666666,335
0.001186388888888889,332
0.001191111111111111,329
0.0011955555555555556,325
0.0012,321
0.0012047222222222223,317
0.0012094444444444444,313
0.0012141666666666666,309
0.001218611111111111,305
0.0012233333333333334,301
0.0012277777777777777,297
0.0012322222222222222,293
0.0012366666666666667,289
0.0012416666666666667,285
0.001246111111111111,281
0.0012505555555555555,277
0.001255,273
0.0012594444444444445,269
0.0012638888888888888,265
0.0012683333333333333,261
0.0012730555555555555,257
0.0012775,253
0.0012825,249
0.0012869444444444445,245
0.0012916666666666667,241
0.0012961111111111112,237
0.0013011111111111112,233
0.0013052777777777778,229
0.00131,225
0.0013147222222222221,221
0.0013194444444444445,217
0.001323888888888889,213
0.0013288888888888888,209
0.0013333333333333333,205
0.0013380555555555557,201
0.0013425,197
0.0013469444444444444,193
0.0013519444444444445,189
0.0013566666666666666,185
0.0013611111111111111,181
0.0013658333333333333,177
0.00137,173
0.0013744444444444444,169
0.0013791666666666666,165
0.001383888888888889,161
0.0013883333333333334,157
0.0013930555555555556,153
0.0013977777777777777,149
0.0014022222222222222,145
0.0014069444444444444,141
0.0014119444444444444,137
0.0014166666666666668,133
0.001421388888888889,129
0.0014258333333333334,125
0.0014305555555555556,121
0.0014352777777777777,117
0.00144,113
0.0014447222222222222,109
0.0014491666666666667,105
0.001453888888888889,101
0.001458611111111111,97
0.0014633333333333334,93
0.0014680555555555556,89
0.0014727777777777777,84
0.0014772222222222222,79
0.0014816666666666667,74
0.001486111111111111,69
0.0014905555555555555,64
0.0014952777777777779,59
0.0015,54
0.0015047222222222222,49
0.0015094444444444445,44
0.0015138888888888888,39
0.0015186111111111112,34
0.0015230555555555555,29
0.0015277777777777779,24
0.0015325,19
0.0015369444444444445,14
0.0015416666666666667,9
0.0015458333333333333,4
0.0015505555555555555,-1
0.0015552777777777778,-6
0.0015594444444444445,-11
0.001563888888888889,-16
0.0015683333333333333,-21
0.0015727777777777778,-26
0.0015772222222222223,-31
0.0015816666666666668,-36
0.001586388888888889,-41
0.001591111111111111,-46
0.0015958333333333334,-51
0.0016005555555555556,-56
0.0016047222222222222,-61
0.0016094444444444444,-66
0.0016144444444444444,-71
0.001618888888888889,-76
0.0016233333333333334,-81
0.0016280555555555555,-86
0.0016325,-91
0.0016375,-96
0.0016425,-101
0.0016466666666666667,-106
0.0016513888888888889,-111
0.001656111111111111,-116
0.0016605555555555555,-121
0.0016652777777777777,-126
0.0016702777777777777,-131
0.001675,-136
0.0016797222222222222,-141
0.0016844444444444444,-146
0.0016891666666666667,-151
0.001693611111111111,-156
0.0016980555555555555,-161
0.0017027777777777779,-166
0.0017072222222222222,-171
0.0017116666666666667,-176
0.0017161111111111112,-181
0.0017205555555555555,-186
0.0017252777777777778,-191
0.00173,-196
0.0017344444444444445,-201
0.0017391666666666666,-206
0.0017438888888888888,-211
0.0017486111111111112,-217
0.0017527777777777778,-223
0.0017572222222222223,-229
0.0017616666666666666,-235
0.001766111111111111,-241
0.0017705555555555556,395
0.0017752777777777777,392
0.0017797222222222223,389
0.0017841666666666668,386
0.001788611111111111,383
0.0017933333333333334,380
0.0017983333333333334,377
0.0018030555555555556,374
0.0018077777777777777,371
0.0018122222222222222,368
0.0018169444444444444,365
0.0018213888888888889,362
0.001826111111111111,359
0.0018308333333333334,356
0.0018355555555555556,353
0.00184,350
0.0018444444444444443,347
0.0018488888888888888,344
0.0018533333333333334,341
0.0018580555555555555,338
0.0018627777777777779,335
0.0018675,332
0.0018719444444444445,329
0.0018763888888888888,326
0.0018808333333333333,323
0.0018855555555555555,320
0.0018902777777777778,317
0.0018944444444444445,314
0.0018991666666666666,311
0.001903888888888889,308
0.0019086111111111111,305
0.0019133333333333333,302
0.0019177777777777778,299
0.0019225,296
0.0019272222222222223,293
0.0019319444444444445,290
0.001936388888888889,287
0.0019408333333333333,284
0.0019455555555555556,281
0.0019502777777777778,278
0.0019547222222222223,275
0.0019591666666666668,272
0.0019638888888888887,269
0.001968611111111111,266
0.0019733333333333334,263
0.0019780555555555554,260
0.0019827777777777778,257
0.0019875,254
0.001992222222222222,251
0.0019969444444444444,248
0.002001666666666667,245
0.0020066666666666666,242
0.002011388888888889,239
0.0020158333333333335,236
0.0020205555555555554,233
0.0020252777777777778,230
0.00203,227
0.0020344444444444446,224
0.0020388888888888887,221
0.002043611111111111,218
0.0020483333333333334,215
0.002052777777777778,212
0.0020577777777777777,209
0.0020622222222222222,206
0.0020669444444444446,203
0.002071388888888889,200
0.002076111111111111,197
0.0020808333333333334,194
0.0020855555555555553,191
0.00209,188
0.002094722222222222,185
0.0020994444444444446,182
0.0021041666666666665,179
0.002108611111111111,176
0.0021133333333333334,173
0.0021180555555555558,170
0.0021227777777777777,167
0.002127222222222222,164
0.0021319444444444446,161
0.0021366666666666665,158
0.002141388888888889,155
0.0021461111111111112,152
0.002150833333333333,149
0.0021552777777777777,146
0.002159722222222222,143
0.0021644444444444445,140
0.002168888888888889,137
0.0021733333333333335,134
0.0021780555555555555,131
0.0021825,128
0.0021872222222222223,125
0.002191666666666667,122
0.0021963888888888888,119
0.002201111111111111,116
0.0022058333333333335,113
0.0022102777777777776,110
0.002215,107
0.0022197222222222223,104
0.0022244444444444443,101
0.0022291666666666666,98
0.002233888888888889,95
0.0022383333333333335,92
0.0022427777777777776,89
0.0022475,86
0.0022522222222222223,83
0.002256666666666667,80
0.0022613888888888887,77
0.002266111111111111,74
0.0022705555555555556,71
0.002275277777777778,68
0.00228,65
0.0022844444444444444,62
0.0022891666666666668,59
0.0022936111111111113,56
0.0022983333333333332,53
0.0023027777777777777,50
0.0023075,47
0.002312222222222222,44
0.0023166666666666665,41
0.002321388888888889,38
0.0023261111111111113,35
0.0023305555555555558,32
0.0023352777777777777,29
0.00234,26
0.0023447222222222224,23
0.0023491666666666665,20
0.002353888888888889,17
0.0023586111111111112,14
0.0023630555555555557,11
0.0023677777777777777,8
0.0023725,5
0.0023772222222222224,2
0.0023819444444444443,-1
0.0023869444444444446,-4
0.002391388888888889,-7
0.002396111111111111,-10
0.0024005555555555555,-13
0.002405277777777778,-16
0.0024097222222222224,-19
0.0024141666666666665,-22
0.002418611111111111,-25
0.002423611111111111,-28
0.0024280555555555557,-31
0.0024325,-34
0.0024369444444444443,-37
0.0024413888888888888,-40
0.0024458333333333333,-43
0.0024505555555555556,-46
0.0024552777777777776,-49
0.00246,-52
0.0024647222222222223,-55
0.0024694444444444442,-58
0.0024736111111111113,-61
0.0024780555555555554,-64
0.0024827777777777778,-67
0.0024872222222222223,-70
0.0024916666666666668,-73
0.0024961111111111113,-76
0.0025005555555555553,-79
0.0025052777777777777,-82
0.00251,-85
0.002514722222222222,-88
0.0025191666666666665,-91
0.002523611111111111,-94
0.0025283333333333334,-97
0.0025330555555555558,-100
0.0025377777777777777,-103
0.002542222222222222,-106
0.0025469444444444446,-109
0.0025516666666666665,-112
0.002556111111111111,-115
0.0025605555555555555,-118
0.002565277777777778,-121
0.0025702777777777777,-124
0.002574722222222222,-127
0.0025794444444444445,-130
0.0025841666666666665,-133
0.002588611111111111,-136
0.0025933333333333333,-139
0.0025980555555555557,-142
0.0026025,-145
0.002607222222222222,-148
0.0026119444444444445,-151
0.002616388888888889,-154
0.0026208333333333335,-157
0.0026252777777777776,-160
0.00263,-163
0.0026347222222222223,-166
0.002639166666666667,-169
0.0026438888888888888,-172
0.002648611111111111,-175
0.0026530555555555556,-178
0.0026575,-181
0.002662222222222222,-184
0.0026666666666666666,-187
0.002671388888888889,-190
0.0026758333333333334,-193
0.002680277777777778,-196
0.002684722222222222,-199
0.0026891666666666665,-202
0.002693611111111111,-205
0.0026983333333333334,-208
0.0027030555555555558,-211
0.0027075,-214
0.002712222222222222,-217
0.0027166666666666667,-220
0.002721388888888889,-223
0.0027255555555555557,-226
0.00273,-229
0.002734722222222222,-232
0.0027394444444444445,-235
0.0027441666666666665,-238
0.002748888888888889,-241
0.0027533333333333333,-244
0.0027580555555555557,395
0.0027625,393
0.002767222222222222,391
0.0027719444444444445,389
0.002776666666666667,387
0.002781111111111111,385
0.0027858333333333333,383
0.0027905555555555557,381
0.0027955555555555555,379
0.0028,377
0.0028047222222222223,375
0.0028094444444444443,373
0.0028141666666666666,371
0.002818611111111111,369
0.0028233333333333335,367
0.0028280555555555554,365
0.0028325,363
0.0028372222222222223,361
0.002841666666666667,359
0.0028461111111111113,357
0.0028508333333333333,355
0.0028555555555555556,353
0.0028597222222222223,351
0.002864722222222222,349
0.0028691666666666666,347
0.002873888888888889,345
0.0028783333333333334,343
0.002882777777777778,341
0.0028875,339
0.0028925,337
0.002897222222222222,335
0.0029016666666666665,333
0.002906111111111111,331
0.0029108333333333334,329
0.0029155555555555553,327
0.0029202777777777777,325
0.0029247222222222222,323
0.0029294444444444446,321
0.0029344444444444444,319
0.002938888888888889,317
0.0029436111111111113,315
0.0029480555555555558,313
0.0029525,311
0.002957222222222222,309
0.0029616666666666667,307
0.0029666666666666665,305
0.002971111111111111,302
0.0029755555555555555,299
0.002980277777777778,296
0.0029847222222222224,293
0.0029894444444444443,290
0.0029941666666666667,287
0.002998888888888889,284
0.003003611111111111,281
0.0030080555555555555,278
0.003012777777777778,275
0.0030175,272
0.003022222222222222,269
0.0030269444444444445,266
0.0030622222222222223,263
6.972222222222223e-05,-2
7.416666666666666e-05,-4
7.88888888888889e-05,-6
8.333333333333333e-05,-8
8.805555555555556e-05,-10
9.25e-05,-12
9.694444444444445e-05,-14
0.00010166666666666667,-16
0.00010638888888888888,-18
0.00011083333333333333,-20
0.00011555555555555555,-23
0.00012027777777777777,-26
0.000125,-29
0.00012972222222222223,-32
0.00013416666666666666,-35
0.0001386111111111111,-38
0.00014333333333333334,-41
0.0001477777777777778,-44
0.0001525,-47
0.00015694444444444444,-50
0.0001613888888888889,-53
0.0001661111111111111,-56
0.00017083333333333333,-59
0.00017555555555555556,-62
0.00018,-65
0.00018472222222222222,-68
0.00018944444444444445,-71
0.0001938888888888889,-74
0.0001986111111111111,-77
0.00020333333333333333,-80
0.00020805555555555557,-83
0.00021277777777777777,-86
0.0002175,-89
0.00022222222222222223,-92
0.00022666666666666666,-95
0.0002311111111111111,-98
0.00023555555555555556,-101
0.0002402777777777778,-104
0.000245,-107
0.0002497222222222222,-110
0.00025444444444444446,-114
0.00025916666666666666,-118
0.0002636111111111111,-122
0.00026805555555555556,-126
0.0002725,-130
0.00027694444444444446,-134
0.0002813888888888889,-138
0.0002861111111111111,-142
0.0002908333333333333,-146
0.00029527777777777777,-150
0.0002997222222222222,-154
0.0003044444444444444,-158
0.0003091666666666667,-162
0.00031361111111111113,-166
0.00031833333333333334,-170
0.0003227777777777778,-174
0.0003275,-178
0.0003322222222222222,-182
0.00033666666666666665,-186
0.0003413888888888889,-190
0.0003461111111111111,-194
0.00035055555555555556,-198
0.00035527777777777776,-202
0.0003597222222222222,-206
0.0003644444444444444,-210
0.00036888888888888887,-214
0.00037361111111111113,-218
0.00037833333333333333,-222
0.0003827777777777778,-226
0.00038722222222222223,-230
0.00039194444444444444,-235
0.00039666666666666664,-240
0.0004013888888888889,-245
0.00040583333333333335,-250
0.00041055555555555555,-255
0.000415,-260
0.0004197222222222222,-265
0.00042416666666666666,-270
0.0004286111111111111,-275
0.0004333333333333333,-280
0.00043777777777777776,-285
0.0004422222222222222,-290
0.0004469444444444444,-295
0.0004516666666666667,-300
0.0004561111111111111,-305
0.0004605555555555556,-310
0.0004652777777777778,-315
0.00046972222222222223,-320
0.0004741666666666667,-325
0.00047861111111111113,-330
0.00048333333333333334,-335
0.00048805555555555554,-340
0.0004922222222222222,-345
0.0004966666666666666,-350
0.0005011111111111111,-355
0.0005061111111111111,-360
0.0005105555555555555,-365
0.0005152777777777778,-370
0.0005197222222222222,-375
0.0005244444444444445,-380
0.0005291666666666667,-386
0.0005336111111111111,-392
0.0005383333333333334,-398
0.0005427777777777778,-404
0.0005475,-410
0.0005522222222222222,-416
0.0005566666666666667,-422
0.0005613888888888889,-428
0.0005658333333333333,-434
0.0005702777777777777,-440
0.000575,-446
0.0005794444444444445,-452
0.0005838888888888889,-458
0.0005886111111111111,-464
0.0005933333333333333,-470
0.0005977777777777778,-476
0.0006025,-482
0.0006069444444444445,-488
0.0006116666666666667,-494
0.0006161111111111111,-500
0.0006208333333333334,-506
0.0006255555555555555,-512
0.0006302777777777778,-518
0.0006347222222222222,-524
0.0006391666666666667,-530
0.0006438888888888889,-536
0.0006486111111111111,-542
0.0006533333333333333,-548
0.0006577777777777777,-554
0.0006625,84
0.0006669444444444444,82
0.0006716666666666667,80
0.0006761111111111112,78
0.0006808333333333333,76
0.0006855555555555556,74
0.0006902777777777778,72
0.0006944444444444445,70
0.0006991666666666666,68
0.0007038888888888889,66
0.0007083333333333334,64
0.0007127777777777778,62
0.0007175,60
0.0007222222222222222,58
0.0007269444444444444,56
0.0007313888888888888,54
0.0007361111111111111,52
0.0007411111111111111,50
0.0007455555555555555,48
0.0007502777777777778,46
0.0007547222222222223,44
0.0007594444444444444,42
0.0007638888888888889,40
0.0007683333333333333,38
0.0007733333333333333,36
0.0007777777777777777,34
0.0007822222222222222,32
0.0007869444444444445,30
0.0007916666666666666,28
0.0007958333333333333,26
0.0008002777777777778,24
0.0008047222222222222,22
0.0008091666666666667,20
0.0008136111111111111,18
0.0008180555555555556,16
0.0008225,14
0.0008272222222222222,12
0.0008322222222222223,10
0.0008363888888888889,8
0.0008411111111111112,6
0.0008458333333333333,4
0.0008505555555555556,2
0.0008552777777777778,0
0.00086,-2
0.000865,-4
0.0008694444444444445,-6
0.0008738888888888889,-8
0.0008783333333333333,-10
0.0008827777777777778,-12
0.0008877777777777778,-14
0.0008925,-16
0.0008972222222222222,-18
0.0009019444444444445,-20
0.0009063888888888889,-22
0.0009108333333333334,-24
0.0009152777777777778,-26
0.00092,-28
0.0009247222222222222,-30
0.0009294444444444444,-32
0.0009338888888888889,-34
0.0009386111111111111,-36
0.0009427777777777777,-38
0.0009475,-40
0.0009522222222222223,-42
0.0009566666666666666,-44
0.0009611111111111112,-46
0.0009655555555555555,-48
0.0009702777777777778,-50
0.000975,-52
0.0009794444444444445,-54
0.000983888888888889,-56
0.0009883333333333333,-58
0.0009930555555555556,-60
0.0009975,-62
0.0010019444444444444,-64
0.0010066666666666666,-66
0.001011111111111111,-68
0.0010158333333333334,-70
0.0010202777777777777,-72
0.0010247222222222222,-74
0.0010294444444444444,-76
0.0010338888888888889,-78
0.0010383333333333334,-80
0.0010430555555555555,-82
0.0010480555555555555,-84
0.0010522222222222222,-86
0.0010566666666666667,-88
0.0010613888888888888,-90
0.0010661111111111112,-92
0.0010705555555555555,-94
0.0010752777777777779,-96
0.0010797222222222222,-98
0.0010844444444444445,-100
0.0010891666666666667,-102
0.0010933333333333333,-104
0.0010980555555555555,-106
0.0011025,-108
0.0011072222222222221,-110
0.0011119444444444445,-112
0.0011166666666666666,-114
0.0011213888888888888,-116
0.0011261111111111111,-118
0.0011305555555555557,-120
0.0011352777777777778,-122
0.00114,-124
0.0011444444444444445,-126
0.0011491666666666666,-128
0.001153888888888889,-130
0.0011586111111111111,-132
0.0011630555555555556,-134
0.0011677777777777778,-136
0.0011725,-138
0.0011772222222222223,-140
0.0011816666666666666,-142
0.001186388888888889,-144
0.001191111111111111,-146
0.0011955555555555556,-148
0.0012,-150
0.0012047222222222223,-152
0.0012094444444444444,-154
0.0012141666666666666,-156
0.001218611111111111,-158
0.0012233333333333334,-160
0.0012277777777777777,-162
0.0012322222222222222,-164
0.0012366666666666667,-166
0.0012416666666666667,-168
0.001246111111111111,-170
0.0012505555555555555,-172
0.001255,-174
0.0012594444444444445,-176
0.0012638888888888888,-178
0.0012683333333333333,-180
0.0012730555555555555,-182
0.0012775,-184
0.0012825,-186
0.0012869444444444445,-188
0.0012916666666666667,-190
0.0012961111111111112,-192
0.0013011111111111112,-194
0.0013052777777777778,-196
0.00131,-198
0.0013147222222222221,-200
0.0013194444444444445,-202
0.001323888888888889,-204
0.0013288888888888888,-206
0.0013333333333333333,-208
0.0013380555555555557,-210
0.0013425,-212
0.0013469444444444444,-214
0.0013519444444444445,-216
0.0013566666666666666,-218
0.0013611111111111111,-220
0.0013658333333333333,-222
0.00137,-224
0.0013744444444444444,-226
0.0013791666666666666,-228
0.001383888888888889,-230
0.0013883333333333334,-232
0.0013930555555555556,-234
0.0013977777777777777,-236
0.0014022222222222222,-238
0.0014069444444444444,-240
0.0014119444444444444,-242
0.0014166666666666668,-244
0.001421388888888889,-246
0.0014258333333333334,-248
0.0014305555555555556,-250
0.0014352777777777777,-252
0.00144,-254
0.0014447222222222222,-256
0.0014491666666666667,-258
0.001453888888888889,-260
0.001458611111111111,-262
0.0014633333333333334,-264
0.0014680555555555556,-266
0.0014727777777777777,-268
0.0014772222222222222,-270
0.0014816666666666667,-272
0.001486111111111111,-274
0.0014905555555555555,-276
0.0014952777777777779,-278
0.0015,-280
0.0015047222222222222,-282
0.0015094444444444445,-284
0.0015138888888888888,-286
0.0015186111111111112,-288
0.0015230555555555555,-290
0.0015277777777777779,-292
0.0015325,-294
0.0015369444444444445,-296
0.0015416666666666667,-298
0.0015458333333333333,-300
0.0015505555555555555,-302
0.0015552777777777778,-304
0.0015594444444444445,-306
0.001563888888888889,-308
0.0015683333333333333,-310
0.0015727777777777778,-312
0.0015772222222222223,-314
0.0015816666666666668,-316
0.001586388888888889,-318
0.001591111111111111,-320
0.0015958333333333334,-322
0.0016005555555555556,-324
0.0016047222222222222,-326
0.0016094444444444444,-328
0.0016144444444444444,-330
0.001618888888888889,-332
0.0016233333333333334,-334
0.0016280555555555555,-336
0.0016325,-338
0.0016375,-340
0.0016425,-342
0.0016466666666666667,-344
0.0016513888888888889,-346
0.001656111111111111,-348
0.0016605555555555555,-350
0.0016652777777777777,-352
0.0016702777777777777,-354
0.001675,-356
0.0016797222222222222,-358
0.0016844444444444444,-360
0.0016891666666666667,-362
0.001693611111111111,-364
0.0016980555555555555,-366
0.0017027777777777779,-368
0.0017072222222222222,-370
0.0017116666666666667,-372
0.0017161111111111112,-374
0.0017205555555555555,-376
0.0017252777777777778,-378
0.00173,-380
0.0017344444444444445,-382
0.0017391666666666666,-384
0.0017438888888888888,-386
0.0017486111111111112,-388
0.0017527777777777778,-390
0.0017572222222222223,-392
0.0017616666666666666,-394
0.001766111111111111,-396
0.0017705555555555556,-398
0.0017752777777777777,-400
0.0017797222222222223,-402
0.0017841666666666668,-404
0.001788611111111111,-406
0.0017933333333333334,-408
0.0017983333333333334,-410
0.0018030555555555556,-412
0.0018077777777777777,-414
0.0018122222222222222,-416
0.0018169444444444444,-418
0.0018213888888888889,-420
0.001826111111111111,-422
0.0018308333333333334,-424
0.0018355555555555556,-426
0.00184,-428
0.0018444444444444443,-430
0.0018488888888888888,-432
0.0018533333333333334,-434
0.0018580555555555555,-436
0.0018627777777777779,-438
0.0018675,-440
0.0018719444444444445,-442
0.0018763888888888888,-444
0.0018808333333333333,-446
0.0018855555555555555,-448
0.0018902777777777778,-450
0.0018944444444444445,-452
0.0018991666666666666,-454
0.001903888888888889,-456
0.0019086111111111111,-458
0.0019133333333333333,-460
0.0019177777777777778,-462
0.0019225,-464
0.0019272222222222223,-466
0.0019319444444444445,-468
0.001936388888888889,-470
0.0019408333333333333,-472
0.0019455555555555556,-474
0.0019502777777777778,-476
0.0019547222222222223,-478
0.0019591666666666668,-480
0.0019638888888888887,-482
0.001968611111111111,-484
0.0019733333333333334,-486
0.0019780555555555554,-488
0.0019827777777777778,-490
0.0019875,-492
0.001992222222222222,-494
0.0019969444444444444,-496
0.002001666666666667,-498
0.0020066666666666666,-500
0.002011388888888889,-502
0.0020158333333333335,-504
0.0020205555555555554,-506
0.0020252777777777778,-508
0.00203,-510
0.0020344444444444446,-512
0.0020388888888888887,-514
0.002043611111111111,-516
0.0020483333333333334,-518
0.002052777777777778,-520
0.0020577777777777777,-522
0.0020622222222222222,-524
0.0020669444444444446,-526
0.002071388888888889,-528
0.002076111111111111,-530
0.0020808333333333334,-532
0.0020855555555555553,-534
0.00209,-536
0.002094722222222222,-538
0.0020994444444444446,-540
0.0021041666666666665,-542
0.002108611111111111,-544
0.0021133333333333334,-546
0.0021180555555555558,-548
0.0021227777777777777,-550
0.002127222222222222,-552
0.0021319444444444446,-554
0.0021366666666666665,-556
0.002141388888888889,84
0.0021461111111111112,81
0.002150833333333333,78
0.0021552777777777777,75
0.002159722222222222,72
0.0021644444444444445,69
0.002168888888888889,66
0.0021733333333333335,63
0.0021780555555555555,60
0.0021825,57
0.0021872222222222223,54
0.0021919444444444443,51
0.0021963888888888888,48
0.002201111111111111,45
0.0022058333333333335,42
0.0022102777777777776,39
0.002215,36
0.0022197222222222223,33
0.0022244444444444443,30
0.0022291666666666666,27
0.002233888888888889,24
0.0022383333333333335,21
0.0022427777777777776,18
0.0022475,15
0.0022522222222222223,12
0.002256666666666667,9
0.0022613888888888887,6
0.002266111111111111,3
0.0022705555555555556,0
0.002275277777777778,-3
0.00228,-6
0.0022844444444444444,-9
0.0022891666666666668,-12
0.0022936111111111113,-15
0.0022983333333333332,-18
0.0023027777777777777,-21
0.0023075,-24
0.002312222222222222,-27
0.0023166666666666665,-30
0.002321388888888889,-33
0.0023261111111111113,-36
0.0023305555555555558,-39
0.0023352777777777777,-42
0.00234,-45
0.0023447222222222224,-48
0.0023491666666666665,-51
0.002353888888888889,-54
0.0023586111111111112,-57
0.0023630555555555557,-60
0.0023677777777777777,-63
0.0023725,-66
0.0023772222222222224,-69
0.0023819444444444443,-72
0.0023869444444444446,-75
0.002391388888888889,-78
0.002396111111111111,-81
0.0024005555555555555,-84
0.002405277777777778,-87
0.0024097222222222224,-90
0.0024141666666666665,-93
0.002418611111111111,-96
0.002423611111111111,-99
0.0024280555555555557,-102
0.0024325,-105
0.0024369444444444443,-108
0.0024413888888888888,-111
0.0024458333333333333,-114
0.0024505555555555556,-117
0.0024552777777777776,-120
0.00246,-123
0.0024647222222222223,-126
0.0024694444444444442,-129
0.0024736111111111113,-132
0.0024780555555555554,-135
0.0024827777777777778,-138
0.0024875,-141
0.0024916666666666668,-144
0.0024961111111111113,-147
0.0025005555555555553,-150
0.0025052777777777777,-153
0.00251,-156
0.002514722222222222,-159
0.0025191666666666665,-162
0.002523611111111111,-165
0.0025283333333333334,-168
0.0025330555555555558,-171
0.0025377777777777777,-174
0.002542222222222222,-177
0.0025469444444444446,-180
0.0025516666666666665,-183
0.002556111111111111,-186
0.0025605555555555555,-189
0.002565277777777778,-192
0.0025702777777777777,-195
0.002574722222222222,-198
0.0025794444444444445,-201
0.0025841666666666665,-204
0.002588611111111111,-207
0.0025933333333333333,-210
0.0025980555555555557,-213
0.0026025,-216
0.002607222222222222,-219
0.0026119444444444445,-222
0.002616388888888889,-225
0.0026208333333333335,-228
0.0026252777777777776,-231
0.00263,-234
0.0026347222222222223,-237
0.002639166666666667,-240
0.0026438888888888888,-243
0.002648611111111111,-246
0.0026530555555555556,-249
0.0026575,-252
0.002662222222222222,-255
0.0026666666666666666,-258
0.002671388888888889,-261
0.0026761111111111113,-264
0.002680277777777778,-267
0.002684722222222222,-270
0.0026891666666666665,-273
0.002693611111111111,-276
0.0026983333333333334,-279
0.0027030555555555558,-282
0.0027075,-285
0.002712222222222222,-288
0.0027166666666666667,-291
0.002721388888888889,-294
0.0027255555555555557,-297
0.00273,-300
0.002734722222222222,-303
0.0027394444444444445,-306
0.0027441666666666665,-309
0.002748888888888889,-312
0.0027533333333333333,-315
0.0027580555555555557,-318
0.0027625,-321
0.002767222222222222,-324
0.0027719444444444445,-327
0.002776666666666667,-330
0.002781111111111111,-333
0.0027858333333333333,-336
0.0027905555555555557,-339
0.0027955555555555555,-342
0.0028,-345
0.0028047222222222223,-348
0.0028094444444444443,-351
0.0028141666666666666,-354
0.002818611111111111,-357
0.0028233333333333335,-360
0.0028280555555555554,-363
0.0028325,-366
0.0028372222222222223,-369
0.002841666666666667,-372
0.0028461111111111113,-375
0.0028508333333333333,-378
0.0028555555555555556,-381
0.0028597222222222223,-384
0.002864722222222222,-387
0.0028691666666666666,-390
0.002873888888888889,-393
0.0028783333333333334,-396
0.002882777777777778,-399
0.0028875,-402
0.0028925,-405
0.002897222222222222,-408
0.0029016666666666665,-411
0.002906111111111111,-414
0.0029108333333333334,-417
0.0029155555555555553,-420
0.0029202777777777777,-423
0.0029247222222222222,-426
0.0029294444444444446,-429
0.0029344444444444444,-432
0.002938888888888889,-435
0.0029436111111111113,-438
0.0029480555555555558,-441
0.0029525,-444
0.002957222222222222,-447
0.0029616666666666667,-450
0.0029666666666666665,-453
0.002971111111111111,-456
0.0029755555555555555,-459
0.002980277777777778,-462
0.0029847222222222224,-465
0.0029894444444444443,-468
0.0029941666666666667,-471
0.002998888888888889,-474
0.003003611111111111,-477
0.0030080555555555555,-480
0.003012777777777778,-483
0.0030175,-486
0.003022222222222222,-489
0.0030269444444444445,-492
0.0030622222222222223,-495
6.972222222222223e-05,-3
7.416666666666666e-05,-6
7.88888888888889e-05,-9
8.333333333333333e-05,-12
8.805555555555556e-05,-15
9.25e-05,-18
9.694444444444445e-05,-21
0.00010166666666666667,-24
0.00010638888888888888,-27
0.00011083333333333333,-30
0.00011555555555555555,-33
0.00012027777777777777,-36
0.000125,-39
0.00012972222222222223,-42
0.00013416666666666666,-45
0.0001386111111111111,-48
0.00014333333333333334,-51
0.0001477777777777778,-54
0.0001525,-57
0.00015694444444444444,-60
0.0001613888888888889,-63
0.0001661111111111111,-66
0.00017083333333333333,-69
0.00017555555555555556,-72
0.00018,-75
0.00018472222222222222,-78
0.00018944444444444445,-81
0.0001938888888888889,-84
0.0001986111111111111,-87
0.00020333333333333333,-90
0.00020805555555555557,-93
0.00021277777777777777,-96
0.0002175,-99
0.00022222222222222223,-102
0.00022666666666666666,-105
0.0002311111111111111,-108
0.00023555555555555556,-111
0.0002402777777777778,-114
0.000245,526
0.0002497222222222222,524
0.00025444444444444446,522
0.00025916666666666666,520
0.0002636111111111111,518
0.00026805555555555556,516
0.0002725,514
0.00027694444444444446,512
0.0002813888888888889,510
0.0002861111111111111,507
0.0002908333333333333,504
0.00029527777777777777,501
0.0002997222222222222,498
0.0003044444444444444,495
0.0003091666666666667,492
0.00031361111111111113,489
0.00031833333333333334,486
0.0003227777777777778,483
0.0003275,480
0.0003322222222222222,477
0.00033666666666666665,474
0.0003413888888888889,471
0.0003461111111111111,468
0.00035055555555555556,465
0.00035527777777777776,462
0.0003597222222222222,459
0.0003644444444444444,456
0.00036888888888888887,453
0.00037361111111111113,450
0.00037833333333333333,447
0.0003827777777777778,444
0.00038722222222222223,441
0.00039194444444444444,438
0.00039666666666666664,435
0.0004013888888888889,432
0.00040583333333333335,429
0.00041055555555555555,426
0.000415,423
0.0004197222222222222,420
0.00042416666666666666,417
0.0004286111111111111,414
0.0004333333333333333,411
0.00043777777777777776,408
0.0004422222222222222,405
0.0004469444444444444,402
0.0004516666666666667,399
0.0004561111111111111,396
0.0004605555555555556,393
0.0004652777777777778,390
0.00046972222222222223,387
0.0004741666666666667,384
0.00047861111111111113,381
0.00048333333333333334,378
0.00048805555555555554,375
0.0004922222222222222,372
0.0004966666666666666,369
0.0005011111111111111,366
0.0005061111111111111,363
0.0005105555555555555,360
0.0005152777777777778,357
0.0005197222222222222,354
0.0005244444444444445,351
0.0005291666666666667,348
0.0005336111111111111,345
0.0005383333333333334,342
0.0005427777777777778,339
0.0005475,336
0.0005522222222222222,333
0.0005566666666666667,330
0.0005613888888888889,326
0.0005658333333333333,322
0.0005702777777777777,318
0.000575,314
0.0005794444444444445,310
0.0005838888888888889,306
0.0005886111111111111,302
0.0005933333333333333,298
0.0005977777777777778,294
0.0006025,290
0.0006069444444444445,286
0.0006116666666666667,282
0.0006161111111111111,278
0.0006208333333333334,274
0.0006255555555555555,270
0.0006302777777777778,266
0.0006347222222222222,262
0.0006391666666666667,258
0.0006438888888888889,254
0.0006486111111111111,250
0.0006533333333333333,246
0.0006577777777777777,242
0.0006625,238
0.0006669444444444444,234
0.0006716666666666667,230
0.0006761111111111112,226
0.0006808333333333333,222
0.0006855555555555556,218
0.0006902777777777778,214
0.0006944444444444445,210
0.0006991666666666666,206
0.0007038888888888889,202
0.0007083333333333334,198
0.0007127777777777778,194
0.0007175,190
0.0007222222222222222,186
0.0007269444444444444,182
0.0007313888888888888,178
0.0007361111111111111,174
0.0007411111111111111,170
0.0007455555555555555,166
0.0007502777777777778,162
0.0007547222222222223,158
0.0007594444444444444,154
0.0007638888888888889,150
0.0007683333333333333,146
0.0007733333333333333,142
0.0007777777777777777,138
0.0007822222222222222,134
0.0007869444444444445,130
0.0007916666666666666,126
0.0007958333333333333,122
0.0008002777777777778,118
0.0008047222222222222,114
0.0008091666666666667,110
0.0008136111111111111,106
0.0008180555555555556,102
0.0008225,98
0.0008272222222222222,94
0.0008322222222222223,90
0.0008363888888888889,85
0.0008411111111111112,80
0.0008458333333333333,75
0.0008505555555555556,70
0.0008552777777777778,65
0.00086,60
0.000865,55
0.0008694444444444445,50
0.0008738888888888889,45
0.0008783333333333333,40
0.0008827777777777778,35
0.0008877777777777778,30
0.0008925,25
0.0008972222222222222,20
0.0009019444444444445,15
0.0009063888888888889,10
0.0009108333333333334,5
0.0009152777777777778,0
0.00092,-5
0.0009247222222222222,-10
0.0009294444444444444,-15
0.0009338888888888889,-20
0.0009386111111111111,-25
0.0009427777777777777,-30
0.0009475,-35
0.0009522222222222223,-40
0.0009566666666666666,-45
0.0009611111111111112,-50
0.0009655555555555555,-55
0.0009702777777777778,-60
0.000975,-65
0.0009794444444444445,-70
0.000983888888888889,-75
0.0009883333333333333,-80
0.0009930555555555556,-85
0.0009975,-90
0.0010019444444444444,-95
0.0010066666666666666,-100
0.001011111111111111,-105
0.0010158333333333334,-110
0.0010202777777777777,526
0.0010247222222222222,523
0.0010294444444444444,520
0.0010338888888888889,517
0.0010383333333333334,514
0.0010430555555555555,511
0.0010480555555555555,508
0.0010522222222222222,505
0.0010566666666666667,502
0.0010613888888888888,499
0.0010661111111111112,496
0.0010705555555555555,493
0.0010752777777777779,490
0.0010797222222222222,487
0.0010844444444444445,484
0.0010891666666666667,481
0.0010933333333333333,478
0.0010980555555555555,475
0.0011025,471
0.0011072222222222221,467
0.0011119444444444445,463
0.0011166666666666666,459
0.0011213888888888888,455
0.0011261111111111111,451
0.0011305555555555557,447
0.0011352777777777778,443
0.00114,439
0.0011444444444444445,435
0.0011491666666666666,431
0.001153888888888889,427
0.0011586111111111111,423
0.0011630555555555556,419
0.0011677777777777778,415
0.0011725,411
0.0011772222222222223,407
0.0011816666666666666,403
0.001186388888888889,399
0.001191111111111111,395
0.0011955555555555556,391
0.0012,387
0.0012047222222222223,383
0.0012094444444444444,379
0.0012141666666666666,375
0.001218611111111111,371
0.0012233333333333334,367
0.0012277777777777777,363
0.0012322222222222222,359
0.0012366666666666667,355
0.0012416666666666667,351
0.001246111111111111,347
0.0012505555555555555,343
0.001255,339
0.0012594444444444445,335
0.0012638888888888888,331
0.0012683333333333333,327
0.0012730555555555555,323
0.0012775,319
0.0012825,315
0.0012869444444444445,311
0.0012916666666666667,307
0.0012961111111111112,303
0.0013011111111111112,299
0.0013052777777777778,295
0.00131,291
0.0013147222222222221,287
0.0013194444444444445,283
0.001323888888888889,279
0.0013288888888888888,275
0.0013333333333333333,271
0.0013380555555555557,267
0.0013425,263
0.0013469444444444444,259
0.0013519444444444445,255
0.0013566666666666666,251
0.0013611111111111111,247
0.0013658333333333333,243
0.00137,239
0.0013744444444444444,235
0.0013791666666666666,230
0.001383888888888889,225
0.0013883333333333334,220
0.0013930555555555556,215
0.0013977777777777777,210
0.0014022222222222222,205
0.0014069444444444444,200
0.0014119444444444444,195
0.0014166666666666668,190
0.001421388888888889,185
0.0014258333333333334,180
0.0014305555555555556,175
0.0014352777777777777,170
0.00144,165
0.0014447222222222222,160
0.0014491666666666667,155
0.001453888888888889,150
0.001458611111111111,145
0.0014633333333333334,140
0.0014680555555555556,135
0.0014727777777777777,130
0.0014772222222222222,125
0.0014816666666666667,120
0.001486111111111111,115
0.0014905555555555555,110
0.0014952777777777779,105
0.0015,100
0.0015047222222222222,95
0.0015094444444444445,90
0.0015138888888888888,85
0.0015186111111111112,80
0.0015230555555555555,75
0.0015277777777777779,70
0.0015325,65
0.0015369444444444445,60
0.0015416666666666667,55
0.0015458333333333333,50
0.0015505555555555555,45
0.0015552777777777778,40
0.0015594444444444445,35
0.001563888888888889,30
0.0015683333333333333,25
0.0015727777777777778,20
0.0015772222222222223,15
0.0015816666666666668,10
0.001586388888888889,5
0.001591111111111111,0
0.0015958333333333334,-5
0.0016005555555555556,-10
0.0016047222222222222,-15
0.0016094444444444444,-20
0.0016144444444444444,-25
0.001618888888888889,-30
0.0016233333333333334,-35
0.0016280555555555555,-40
0.0016325,-45
0.0016375,-50
0.0016425,-55
0.0016466666666666667,-60
0.0016513888888888889,-65
0.001656111111111111,-71
0.0016605555555555555,-77
0.0016652777777777777,-83
0.0016702777777777777,-89
0.001675,-95
0.0016797222222222222,-101
0.0016844444444444444,-107
0.0016891666666666667,-113
0.001693611111111111,526
0.0016980555555555555,524
0.0017027777777777779,522
0.0017072222222222222,520
0.0017116666666666667,518
0.0017161111111111112,516
0.0017205555555555555,514
0.0017252777777777778,512
0.00173,510
0.0017344444444444445,508
0.0017391666666666666,506
0.0017438888888888888,504
0.0017486111111111112,502
0.0017527777777777778,500
0.0017572222222222223,498
0.0017616666666666666,496
0.001766111111111111,494
0.0017705555555555556,492
0.0017752777777777777,490
0.0017797222222222223,488
0.0017841666666666668,486
0.001788611111111111,484
0.0017933333333333334,482
0.0017983333333333334,480
0.0018030555555555556,478
0.0018077777777777777,476
0.0018122222222222222,473
0.0018169444444444444,470
0.0018213888888888889,467
0.001826111111111111,464
0.0018308333333333334,461
0.0018355555555555556,458
0.00184,455
0.0018444444444444443,452
0.0018488888888888888,449
0.0018533333333333334,446
0.0018580555555555555,443
0.0018627777777777779,440
0.0018675,437
0.0018719444444444445,434
0.0018763888888888888,431
0.0018808333333333333,428
0.0018855555555555555,425
0.0018902777777777778,422
0.0018944444444444445,419
0.0018991666666666666,416
0.001903888888888889,413
0.0019086111111111111,410
0.0019133333333333333,407
0.0019177777777777778,404
0.0019225,401
0.0019272222222222223,398
0.0019319444444444445,395
0.001936388888888889,392
0.0019408333333333333,389
0.0019455555555555556,386
0.0019502777777777778,383
0.0019547222222222223,380
0.0019591666666666668,377
0.0019638888888888887,374
0.001968611111111111,371
0.0019733333333333334,368
0.0019780555555555554,365
0.0019827777777777778,362
0.0019875,359
0.001992222222222222,356
0.0019969444444444444,353
0.002001666666666667,350
0.0020066666666666666,347
0.002011388888888889,344
0.0020158333333333335,341
0.0020205555555555554,338
0.0020252777777777778,335
0.00203,332
0.0020344444444444446,329
0.0020388888888888887,326
0.002043611111111111,323
0.0020483333333333334,320
0.002052777777777778,317
0.0020577777777777777,314
0.0020622222222222222,311
0.0020669444444444446,308
0.002071388888888889,305
0.002076111111111111,302
0.0020808333333333334,299
0.0020855555555555553,296
0.00209,292
0.002094722222222222,288
0.0020994444444444446,284
0.0021041666666666665,280
0.002108611111111111,276
0.0021133333333333334,272
0.0021180555555555558,268
0.0021227777777777777,264
0.002127222222222222,260
0.0021319444444444446,256
0.0021366666666666665,252
0.002141388888888889,248
0.0021461111111111112,244
0.002150833333333333,240
0.0021552777777777777,236
0.002159722222222222,232
0.0021644444444444445,228
0.002168888888888889,224
0.0021733333333333335,220
0.0021780555555555555,216
0.0021825,212
0.0021872222222222223,208
0.0021919444444444443,204
0.0021963888888888888,200
0.002201111111111111,196
0.0022058333333333335,192
0.0022102777777777776,188
0.002215,184
0.0022197222222222223,180
0.0022244444444444443,176
0.0022291666666666666,172
0.002233888888888889,168
0.0022383333333333335,164
0.0022427777777777776,160
0.0022475,156
0.0022522222222222223,152
0.002256666666666667,148
0.0022613888888888887,144
0.002266111111111111,140
0.0022705555555555556,136
0.002275277777777778,132
0.00228,128
0.0022844444444444444,124
0.0022891666666666668,120
0.0022936111111111113,116
0.0022983333333333332,112
0.0023027777777777777,108
0.0023075,104
0.002312222222222222,100
0.0023166666666666665,96
0.002321388888888889,92
0.0023261111111111113,88
0.0023305555555555558,84
0.0023352777777777777,80
0.00234,76
0.0023447222222222224,72
0.0023491666666666665,68
0.002353888888888889,64
0.0023586111111111112,60
0.0023630555555555557,56
0.0023677777777777777,51
0.0023725,46
0.0023772222222222224,41
0.0023819444444444443,36
0.0023869444444444446,31
0.002391388888888889,26
0.002396111111111111,21
0.0024005555555555555,16
0.002405277777777778,11
0.0024097222222222224,6
0.0024141666666666665,1
0.002418611111111111,-4
0.002423611111111111,-9
0.0024280555555555557,-14
0.0024325,-19
0.0024369444444444443,-24
0.0024413888888888888,-29
0.0024458333333333333,-34
0.0024505555555555556,-39
0.0024552777777777776,-44
0.00246,-49
0.0024647222222222223,-54
0.0024694444444444442,-59
0.0024736111111111113,-64
0.0024780555555555554,-69
0.0024827777777777778,-74
0.0024875,-79
0.0024916666666666668,-84
0.0024961111111111113,-89
0.0025005555555555553,-94
0.0025052777777777777,-99
0.00251,-104
0.002514722222222222,-109
0.0025191666666666665,-114
0.002523611111111111,526
0.0025283333333333334,523
0.0025330555555555558,520
0.0025377777777777777,517
0.002542222222222222,514
0.0025469444444444446,511
0.0025516666666666665,508
0.002556111111111111,505
0.0025605555555555555,502
0.002565277777777778,499
0.0025702777777777777,496
0.002574722222222222,493
0.0025794444444444445,490
0.0025841666666666665,487
0.002588611111111111,484
0.0025933333333333333,481
0.0025980555555555557,478
0.0026025,475
0.002607222222222222,472
0.0026119444444444445,468
0.002616388888888889,464
0.0026208333333333335,460
0.0026252777777777776,456
0.00263,452
0.0026347222222222223,448
0.002639166666666667,444
0.0026438888888888888,440
0.002648611111111111,436
0.0026530555555555556,432
0.0026575,428
0.002662222222222222,424
0.0026666666666666666,420
0.002671388888888889,416
0.0026761111111111113,412
0.002680277777777778,408
0.002684722222222222,404
0.0026891666666666665,400
0.002693611111111111,396
0.0026983333333333334,392
0.0027030555555555558,388
0.0027075,384
0.002712222222222222,380
0.0027166666666666667,376
0.002721388888888889,372
0.0027255555555555557,368
0.00273,364
0.002734722222222222,360
0.0027394444444444445,356
0.0027441666666666665,352
0.002748888888888889,347
0.0027533333333333333,342
0.0027580555555555557,337
0.0027625,332
0.002767222222222222,327
0.0027719444444444445,322
0.002776666666666667,317
0.002781111111111111,312
0.0027858333333333333,307
0.0027905555555555557,302
0.0027955555555555555,297
0.0028,292
0.0028047222222222223,287
0.0028094444444444443,282
0.0028141666666666666,277
0.002818611111111111,272
0.0028233333333333335,267
0.0028280555555555554,262
0.0028325,257
0.0028372222222222223,252
0.002841666666666667,247
0.0028461111111111113,242
0.0028508333333333333,237
0.0028555555555555556,232
0.0028597222222222223,227
0.002864722222222222,222
0.0028691666666666666,217
0.002873888888888889,212
0.0028783333333333334,207
0.002882777777777778,202
0.0028875,196
0.0028925,190
0.002897222222222222,184
0.0029016666666666665,178
0.002906111111111111,172
0.0029108333333333334,166
0.0029155555555555553,160
0.0029202777777777777,154
0.0029247222222222222,148
0.0029294444444444446,142
0.0029344444444444444,136
0.002938888888888889,130
0.0029436111111111113,124
0.0029480555555555558,118
0.0029525,112
0.002957222222222222,106
0.0029616666666666667,100
0.0029666666666666665,94
0.002971388888888889,88
0.0029755555555555555,82
0.002980277777777778,76
0.0029847222222222224,70
0.0029894444444444443,64
0.0029941666666666667,58
0.002998888888888889,52
0.003003611111111111,46
0.0030080555555555555,40
0.003012777777777778,34
0.0030175,28
0.003022222222222222,22
0.0030269444444444445,15
0.0030622222222222223,8
6.972222222222223e-05,-3
7.416666666666666e-05,-6
7.88888888888889e-05,-9
8.333333333333333e-05,-12
8.805555555555556e-05,-15
9.25e-05,-18
9.694444444444445e-05,-21
0.00010166666666666667,-24
0.00010638888888888888,-27
0.00011083333333333333,-30
0.00011555555555555555,-33
0.00012027777777777777,-36
0.000125,-39
0.00012972222222222223,-42
0.00013416666666666666,-45
0.0001386111111111111,-48
0.00014333333333333334,-51
0.0001477777777777778,-54
0.0001525,-57
0.00015694444444444444,-60
0.0001613888888888889,-63
0.0001661111111111111,-66
0.00017083333333333333,-69
0.00017555555555555556,-72
0.00018,-75
0.00018472222222222222,-79
0.00018944444444444445,-83
0.0001938888888888889,-87
0.0001986111111111111,-91
0.00020333333333333333,-95
0.00020805555555555557,-99
0.00021277777777777777,-103
0.0002175,-107
0.00022222222222222223,-111
0.00022666666666666666,-115
0.0002311111111111111,-119
0.00023555555555555556,-123
0.0002402777777777778,-127
0.000245,-131
0.0002497222222222222,-135
0.00025444444444444446,-139
0.00025916666666666666,-143
0.0002636111111111111,-147
0.00026805555555555556,-151
0.0002725,-155
0.00027694444444444446,-159
0.0002813888888888889,-163
0.0002861111111111111,-167
0.0002908333333333333,-171
0.00029527777777777777,-175
0.0002997222222222222,-179
0.0003044444444444444,-183
0.0003091666666666667,-187
0.00031361111111111113,-191
0.00031833333333333334,-195
0.0003227777777777778,-200
0.0003275,-205
0.0003322222222222222,-210
0.00033666666666666665,-215
0.0003413888888888889,-220
0.0003461111111111111,-225
0.00035055555555555556,-230
0.00035527777777777776,-235
0.0003597222222222222,-240
0.0003644444444444444,-245
0.00036888888888888887,-250
0.00037361111111111113,-255
0.00037833333333333333,-260
0.0003827777777777778,-265
0.00038722222222222223,-270
0.00039194444444444444,-275
0.00039666666666666664,-280
0.0004013888888888889,-285
0.00040583333333333335,-290
0.00041055555555555555,-295
0.000415,-300
0.0004197222222222222,-305
0.00042416666666666666,-310
0.0004286111111111111,-315
0.0004333333333333333,-320
0.00043777777777777776,-325
0.0004422222222222222,-330
0.0004469444444444444,-335
0.0004516666666666667,-340
0.0004561111111111111,-345
0.0004605555555555556,-351
0.0004652777777777778,288
0.00046972222222222223,285
0.0004741666666666667,282
0.00047861111111111113,279
0.00048333333333333334,276
0.00048805555555555554,273
0.0004922222222222222,270
0.0004966666666666666,267
0.0005011111111111111,264
0.0005061111111111111,261
0.0005105555555555555,258
0.0005152777777777778,255
0.0005197222222222222,252
0.0005244444444444445,249
0.0005291666666666667,246
0.0005336111111111111,243
0.0005383333333333334,240
0.0005427777777777778,237
0.0005475,234
0.0005522222222222222,231
0.0005566666666666667,228
0.0005613888888888889,225
0.0005658333333333333,222
0.0005702777777777777,219
0.000575,216
0.0005794444444444445,213
0.0005838888888888889,210
0.0005886111111111111,207
0.0005933333333333333,204
0.0005977777777777778,201
0.0006025,198
0.0006069444444444445,195
0.0006116666666666667,192
0.0006161111111111111,189
0.0006208333333333334,186
0.0006255555555555555,183
0.0006302777777777778,180
0.0006347222222222222,177
0.0006391666666666667,174
0.0006438888888888889,171
0.0006486111111111111,168
0.0006533333333333333,165
0.0006577777777777777,162
0.0006625,159
0.0006669444444444444,156
0.0006716666666666667,153
0.0006761111111111112,150
0.0006808333333333333,147
0.0006855555555555556,144
0.0006902777777777778,141
0.0006944444444444445,138
0.0006991666666666666,135
0.0007038888888888889,132
0.0007083333333333334,129
0.0007127777777777778,126
0.0007175,123
0.0007222222222222222,120
0.0007269444444444444,117
0.0007313888888888888,114
0.0007361111111111111,111
0.0007411111111111111,108
0.0007455555555555555,105
0.0007502777777777778,102
0.0007547222222222223,99
0.0007594444444444444,96
0.0007638888888888889,93
0.0007683333333333333,90
0.0007733333333333333,87
0.0007777777777777777,84
0.0007822222222222222,81
0.0007869444444444445,78
0.0007916666666666666,75
0.0007958333333333333,72
0.0008002777777777778,69
0.0008047222222222222,66
0.0008091666666666667,63
0.0008136111111111111,60
0.0008180555555555556,57
0.0008225,54
0.0008272222222222222,51
0.0008322222222222223,48
0.0008363888888888889,45
0.0008411111111111112,42
0.0008458333333333333,39
0.0008505555555555556,36
0.0008552777777777778,33
0.00086,30
0.000865,27
0.0008694444444444445,24
0.0008738888888888889,21
0.0008783333333333333,18
0.0008827777777777778,15
0.0008877777777777778,12
0.0008925,9
0.0008972222222222222,6
0.0009019444444444445,3
0.0009063888888888889,0
0.0009108333333333334,-3
0.0009152777777777778,-6
0.00092,-9
0.0009247222222222222,-12
0.0009294444444444444,-15
0.0009338888888888889,-18
0.0009386111111111111,-21
0.0009427777777777777,-24
0.0009475,-27
0.0009522222222222223,-30
0.0009566666666666666,-33
0.0009611111111111112,-36
0.0009655555555555555,-39
0.0009702777777777778,-42
0.000975,-45
0.0009794444444444445,-48
0.000983888888888889,-51
0.0009883333333333333,-54
0.0009930555555555556,-57
0.0009975,-60
0.0010019444444444444,-63
0.0010066666666666666,-66
0.001011111111111111,-69
0.0010158333333333334,-72
0.0010202777777777777,-75
0.0010247222222222222,-78
0.0010294444444444444,-81
0.0010338888888888889,-84
0.0010383333333333334,-87
0.0010430555555555555,-90
0.0010480555555555555,-93
0.0010522222222222222,-96
0.0010566666666666667,-99
0.0010613888888888888,-102
0.0010661111111111112,-105
0.0010705555555555555,-108
0.0010752777777777779,-111
0.0010797222222222222,-114
0.0010844444444444445,-117
0.0010891666666666667,-120
0.0010933333333333333,-123
0.0010980555555555555,-126
0.0011025,-129
0.0011072222222222221,-132
0.0011119444444444445,-135
0.0011166666666666666,-138
0.0011213888888888888,-141
0.0011261111111111111,-144
0.0011305555555555557,-147
0.0011352777777777778,-150
0.00114,-153
0.0011444444444444445,-156
0.0011491666666666666,-159
0.001153888888888889,-162
0.0011586111111111111,-165
0.0011630555555555556,-168
0.0011677777777777778,-171
0.0011725,-174
0.0011772222222222223,-177
0.0011816666666666666,-180
0.001186388888888889,-183
0.001191111111111111,-186
0.0011955555555555556,-189
0.0012,-192
0.0012047222222222223,-195
0.0012094444444444444,-198
0.0012141666666666666,-201
0.001218611111111111,-204
0.0012233333333333334,-207
0.0012277777777777777,-210
0.0012322222222222222,-213
0.0012366666666666667,-216
0.0012416666666666667,-219
0.001246111111111111,-222
0.0012505555555555555,-225
0.001255,-228
0.0012594444444444445,-231
0.0012638888888888888,-234
0.0012683333333333333,-237
0.0012730555555555555,-240
0.0012775,-243
0.0012825,-246
0.0012869444444444445,-249
0.0012916666666666667,-252
0.0012961111111111112,-255
0.0013011111111111112,-258
0.0013052777777777778,-261
0.00131,-264
0.0013147222222222221,-267
0.0013194444444444445,-270
0.001323888888888889,-273
0.0013288888888888888,-276
0.0013333333333333333,-279
0.0013380555555555557,-282
0.0013425,-285
0.0013469444444444444,-288
0.0013519444444444445,-291
0.0013566666666666666,-294
0.0013611111111111111,-297
0.0013658333333333333,-300
0.00137,-303
0.0013744444444444444,-306
0.0013791666666666666,-309
0.001383888888888889,-312
0.0013883333333333334,-315
0.0013930555555555556,-318
0.0013977777777777777,-321
0.0014022222222222222,-324
0.0014069444444444444,-327
0.0014119444444444444,-330
0.0014166666666666668,-333
0.001421388888888889,-336
0.0014258333333333334,-339
0.0014305555555555556,-342
0.0014352777777777777,-345
0.00144,-348
0.0014447222222222222,-351
0.0014491666666666667,288
0.001453888888888889,286
0.001458611111111111,284
0.0014633333333333334,282
0.0014680555555555556,280
0.0014727777777777777,278
0.0014772222222222222,276
0.0014816666666666667,274
0.001486111111111111,272
0.0014905555555555555,270
0.0014952777777777779,268
0.0015,266
0.0015047222222222222,264
0.0015094444444444445,262
0.0015138888888888888,260
0.0015186111111111112,258
0.0015230555555555555,256
0.0015277777777777779,254
0.0015325,252
0.0015369444444444445,250
0.0015416666666666667,248
0.0015458333333333333,246
0.0015505555555555555,244
0.0015552777777777778,242
0.0015594444444444445,240
0.001563888888888889,238
0.0015683333333333333,236
0.0015727777777777778,234
0.0015772222222222223,232
0.0015816666666666668,230
0.001586388888888889,228
0.001591111111111111,226
0.0015958333333333334,224
0.0016005555555555556,222
0.0016047222222222222,220
0.0016094444444444444,218
0.0016144444444444444,216
0.001618888888888889,214
0.0016233333333333334,212
0.0016280555555555555,210
0.0016325,208
0.0016375,206
0.0016425,204
0.0016466666666666667,202
0.0016513888888888889,200
0.001656111111111111,198
0.0016605555555555555,196
0.0016652777777777777,194
0.0016702777777777777,192
0.001675,190
0.0016797222222222222,188
0.0016844444444444444,186
0.0016891666666666667,184
0.001693611111111111,182
0.0016980555555555555,180
0.0017027777777777779,178
0.0017072222222222222,176
0.0017116666666666667,174
0.0017161111111111112,172
0.0017205555555555555,170
0.0017252777777777778,168
0.00173,166
0.0017344444444444445,164
0.0017391666666666666,162
0.0017438888888888888,160
0.0017486111111111112,158
0.0017527777777777778,156
0.0017572222222222223,154
0.0017616666666666666,152
0.001766111111111111,150
0.0017705555555555556,148
0.0017752777777777777,146
0.0017797222222222223,144
0.0017841666666666668,142
0.001788611111111111,140
0.0017933333333333334,138
0.0017983333333333334,136
0.0018030555555555556,134
0.0018077777777777777,132
0.0018122222222222222,130
0.0018169444444444444,128
0.0018213888888888889,126
0.001826111111111111,124
0.0018308333333333334,122
0.0018355555555555556,120
0.00184,118
0.0018444444444444443,116
0.0018488888888888888,114
0.0018533333333333334,112
0.0018580555555555555,110
0.0018627777777777779,108
0.0018675,106
0.0018719444444444445,104
0.0018763888888888888,102
0.0018808333333333333,100
0.0018855555555555555,98
0.0018902777777777778,96
0.0018944444444444445,94
0.0018991666666666666,92
0.001903888888888889,90
0.0019086111111111111,88
0.0019133333333333333,86
0.0019177777777777778,84
0.0019225,82
0.0019272222222222223,80
0.0019319444444444445,78
0.001936388888888889,76
0.0019408333333333333,74
0.0019455555555555556,72
0.0019502777777777778,70
0.0019547222222222223,68
0.0019591666666666668,66
0.0019638888888888887,64
0.001968611111111111,62
0.0019733333333333334,60
0.0019780555555555554,58
0.0019827777777777778,56
0.0019875,54
0.001992222222222222,52
0.0019969444444444444,50
0.002001666666666667,48
0.0020066666666666666,46
0.002011388888888889,44
0.0020158333333333335,42
0.0020205555555555554,40
0.0020252777777777778,38
0.00203,36
0.0020344444444444446,34
0.0020391666666666666,32
0.002043611111111111,30
0.0020483333333333334,28
0.002052777777777778,26
0.0020577777777777777,24
0.0020622222222222222,22
0.0020669444444444446,20
0.002071388888888889,18
0.002076111111111111,16
0.0020808333333333334,14
0.0020855555555555553,12
0.00209,10
0.002094722222222222,8
0.0020994444444444446,6
0.0021041666666666665,4
0.002108611111111111,2
0.0021133333333333334,0
0.0021180555555555558,-2
0.0021227777777777777,-4
0.002127222222222222,-6
0.0021319444444444446,-8
0.0021366666666666665,-10
0.002141388888888889,-12
0.0021461111111111112,-14
0.002150833333333333,-16
0.0021552777777777777,-18
0.002159722222222222,-20
0.0021644444444444445,-22
0.002168888888888889,-24
0.0021733333333333335,-26
0.0021780555555555555,-28
0.0021825,-30
0.0021872222222222223,-32
0.0021919444444444443,-34
0.0021963888888888888,-36
0.002201111111111111,-38
0.0022058333333333335,-40
0.0022102777777777776,-42
0.002215,-44
0.0022197222222222223,-46
0.0022244444444444443,-48
0.0022291666666666666,-50
0.002233888888888889,-52
0.0022383333333333335,-54
0.0022427777777777776,-56
0.0022475,-58
0.0022522222222222223,-60
0.002256666666666667,-62
0.0022613888888888887,-64
0.002266111111111111,-66
0.0022705555555555556,-68
0.002275277777777778,-70
0.00228,-72
0.0022844444444444444,-74
0.0022891666666666668,-76
0.0022936111111111113,-78
0.0022983333333333332,-80
0.0023027777777777777,-82
0.0023075,-84
0.002312222222222222,-86
0.0023166666666666665,-88
0.002321388888888889,-90
0.0023261111111111113,-92
0.0023305555555555558,-94
0.0023352777777777777,-96
0.00234,-98
0.0023447222222222224,-100
0.0023491666666666665,-102
0.002353888888888889,-104
0.0023586111111111112,-106
0.0023630555555555557,-108
0.0023677777777777777,-110
0.0023725,-112
0.0023772222222222224,-114
0.0023819444444444443,-116
0.0023869444444444446,-118
0.002391388888888889,-120
0.002396111111111111,-122
0.0024005555555555555,-124
0.002405277777777778,-126
0.0024097222222222224,-128
0.0024141666666666665,-130
0.002418611111111111,-132
0.002423611111111111,-134
0.0024280555555555557,-136
0.0024325,-138
0.0024369444444444443,-140
0.0024413888888888888,-142
0.0024458333333333333,-144
0.0024505555555555556,-146
0.0024552777777777776,-148
0.00246,-150
0.0024647222222222223,-152
0.0024694444444444442,-154
0.0024736111111111113,-156
0.0024780555555555554,-158
0.0024827777777777778,-160
0.0024875,-162
0.0024916666666666668,-164
0.0024961111111111113,-166
0.0025005555555555553,-168
0.0025052777777777777,-170
0.00251,-172
0.002514722222222222,-174
0.0025191666666666665,-176
0.002523611111111111,-178
0.0025283333333333334,-180
0.0025330555555555558,-182
0.0025377777777777777,-184
0.002542222222222222,-186
0.0025469444444444446,-188
0.0025516666666666665,-190
0.002556111111111111,-192
0.0025605555555555555,-194
0.002565277777777778,-196
0.0025702777777777777,-198
0.002574722222222222,-200
0.0025794444444444445,-202
0.0025841666666666665,-204
0.002588611111111111,-206
0.0025933333333333333,-208
0.0025980555555555557,-210
0.0026025,-212
0.002607222222222222,-214
0.0026119444444444445,-216
0.002616388888888889,-218
0.0026208333333333335,-220
0.0026252777777777776,-222
0.00263,-224
0.0026347222222222223,-226
0.002639166666666667,-228
0.0026438888888888888,-230
0.002648611111111111,-232
0.0026530555555555556,-234
0.0026575,-236
0.002662222222222222,-238
0.0026666666666666666,-240
0.002671388888888889,-242
0.0026761111111111113,-244
0.002680277777777778,-246
0.002684722222222222,-248
0.0026891666666666665,-250
0.002693611111111111,-252
0.0026983333333333334,-254
0.0027030555555555558,-256
0.0027075,-258
0.002712222222222222,-260
0.0027166666666666667,-262
0.002721388888888889,-264
0.0027255555555555557,-266
0.00273,-268
0.002734722222222222,-270
0.0027394444444444445,-272
0.0027441666666666665,-274
0.002748888888888889,-276
0.0027533333333333333,-278
0.0027580555555555557,-280
0.0027625,-282
0.002767222222222222,-284
0.0027719444444444445,-286
0.002776666666666667,-288
0.002781111111111111,-290
0.0027858333333333333,-292
0.0027905555555555557,-294
0.0027955555555555555,-296
0.0028,-298
0.0028047222222222223,-300
0.0028094444444444443,-302
0.0028141666666666666,-304
0.002818611111111111,-306
0.0028233333333333335,-308
0.0028280555555555554,-310
0.0028325,-312
0.0028372222222222223,-314
0.002841666666666667,-316
0.0028463888888888888,-318
0.0028508333333333333,-320
0.0028555555555555556,-322
0.0028597222222222223,-324
0.002864722222222222,-326
0.0028691666666666666,-328
0.002873888888888889,-330
0.0028783333333333334,-332
0.002882777777777778,-334
0.0028875,-336
0.0028925,-338
0.002897222222222222,-340
0.0029016666666666665,-342
0.002906111111111111,-344
0.0029108333333333334,-346
0.0029155555555555553,-348
0.0029202777777777777,-350
0.0029247222222222222,-352
0.0029294444444444446,288
0.0029344444444444444,286
0.002938888888888889,284
0.0029436111111111113,282
0.002948333333333333,279
0.0029525,276
0.002957222222222222,273
0.0029616666666666667,270
0.0029666666666666665,267
0.002971388888888889,264
0.0029755555555555555,261
0.002980277777777778,258
0.0029847222222222224,255
0.0029894444444444443,252
0.0029941666666666667,249
0.002998888888888889,246
0.003003611111111111,243
0.0030080555555555555,240
0.003012777777777778,237
0.0030175,234
0.003022222222222222,231
0.0030269444444444445,228
0.0030622222222222223,225
6.972222222222223e-05,-2
7.416666666666666e-05,-4
7.88888888888889e-05,-6
8.333333333333333e-05,-8
8.805555555555556e-05,-10
9.25e-05,-12
9.694444444444445e-05,-14
0.00010166666666666667,-16
0.00010638888888888888,-18
0.00011083333333333333,-20
0.00011555555555555555,-22
0.00012027777777777777,-24
0.000125,-26
0.00012972222222222223,-28
0.00013416666666666666,-30
0.0001386111111111111,-32
0.00014333333333333334,-34
0.0001477777777777778,-37
0.0001525,-40
0.00015694444444444444,-43
0.0001613888888888889,-46
0.0001661111111111111,-49
0.00017083333333333333,-52
0.00017555555555555556,-55
0.00018,-58
0.00018472222222222222,-61
0.00018944444444444445,-64
0.0001938888888888889,-67
0.0001986111111111111,-70
0.00020333333333333333,-73
0.00020805555555555557,-76
0.00021277777777777777,-79
0.0002175,-82
0.00022222222222222223,-85
0.00022666666666666666,-88
0.0002311111111111111,-91
0.00023555555555555556,-94
0.0002402777777777778,-97
0.000245,-100
0.0002497222222222222,-103
0.00025444444444444446,-106
0.00025916666666666666,-109
0.0002636111111111111,-112
0.0002686111111111111,-115
0.0002725,-118
0.00027694444444444446,-121
0.0002813888888888889,-124
0.0002861111111111111,-127
0.0002908333333333333,-130
0.00029527777777777777,-133
0.0002997222222222222,-136
0.0003044444444444444,-139
0.0003091666666666667,-142
0.00031361111111111113,-145
0.00031833333333333334,-148
0.0003227777777777778,-151
0.0003275,-154
0.0003322222222222222,-157
0.00033666666666666665,-160
0.0003413888888888889,-163
0.0003461111111111111,-166
0.00035055555555555556,-169
0.00035527777777777776,-172
0.0003597222222222222,-175
0.0003644444444444444,-178
0.00036888888888888887,-181
0.00037361111111111113,-184
0.00037833333333333333,-187
0.0003827777777777778,-190
0.00038722222222222223,-193
0.00039194444444444444,-196
0.00039666666666666664,-199
0.0004013888888888889,-202
0.00040583333333333335,-205
0.00041055555555555555,-208
0.000415,-211
0.0004197222222222222,-214
0.00042416666666666666,-218
0.0004286111111111111,-222
0.0004333333333333333,-226
0.00043777777777777776,-230
0.0004422222222222222,-234
0.0004469444444444444,-238
0.0004516666666666667,-242
0.0004561111111111111,-246
0.0004605555555555556,-250
0.0004652777777777778,-254
0.00046972222222222223,-258
0.0004741666666666667,-262
0.00047861111111111113,-266
0.00048333333333333334,-270
0.00048805555555555554,-274
0.0004922222222222222,-278
0.0004966666666666666,-282
0.0005011111111111111,-286
0.0005061111111111111,-290
0.0005105555555555555,-294
0.0005152777777777778,-298
0.0005197222222222222,-302
0.0005244444444444445,-306
0.0005291666666666667,-310
0.0005336111111111111,-314
0.0005383333333333334,-318
0.0005427777777777778,-322
0.0005475,-326
0.0005522222222222222,-330
0.0005566666666666667,-334
0.0005613888888888889,-338
0.0005658333333333333,-342
0.0005702777777777777,-346
0.000575,-350
0.0005794444444444445,-354
0.0005838888888888889,-358
0.0005886111111111111,-362
0.0005933333333333333,-366
0.0005977777777777778,-370
0.0006025,-374
0.0006069444444444445,-378
0.0006116666666666667,-382
0.0006161111111111111,-386
0.0006208333333333334,-390
0.0006255555555555555,-394
0.0006302777777777778,-398
0.0006347222222222222,-402
0.0006391666666666667,-406
0.0006438888888888889,-410
0.0006486111111111111,-414
0.0006533333333333333,-418
0.0006577777777777777,-422
0.0006625,-426
0.0006669444444444444,-430
0.0006716666666666667,-434
0.0006761111111111112,-438
0.0006808333333333333,-442
0.0006855555555555556,198
0.0006902777777777778,195
0.0006944444444444445,192
0.0006991666666666666,189
0.0007038888888888889,186
0.0007083333333333334,183
0.0007127777777777778,180
0.0007175,177
0.0007222222222222222,174
0.0007269444444444444,171
0.0007313888888888888,168
0.0007361111111111111,165
0.0007411111111111111,162
0.0007455555555555555,159
0.0007502777777777778,156
0.0007547222222222223,153
0.0007594444444444444,150
0.0007638888888888889,147
0.0007683333333333333,144
0.0007733333333333333,141
0.0007777777777777777,138
0.0007822222222222222,135
0.0007869444444444445,132
0.0007916666666666666,128
0.0007958333333333333,124
0.0008002777777777778,120
0.0008047222222222222,116
0.0008091666666666667,112
0.0008136111111111111,108
0.0008180555555555556,104
0.0008225,100
0.0008272222222222222,96
0.0008322222222222223,92
0.0008363888888888889,88
0.0008411111111111112,84
0.0008458333333333333,80
0.0008505555555555556,76
0.0008552777777777778,72
0.00086,68
0.000865,64
0.0008694444444444445,60
0.0008738888888888889,56
0.0008783333333333333,52
0.0008827777777777778,48
0.0008877777777777778,44
0.0008925,40
0.0008972222222222222,36
0.0009019444444444445,32
0.0009063888888888889,28
0.0009108333333333334,24
0.0009152777777777778,20
0.00092,16
0.0009247222222222222,12
0.0009294444444444444,7
0.0009338888888888889,2
0.0009386111111111111,-3
0.0009427777777777777,-8
0.0009475,-13
0.0009522222222222223,-18
0.0009566666666666666,-23
0.0009611111111111112,-28
0.0009655555555555555,-33
0.0009702777777777778,-38
0.000975,-43
0.0009794444444444445,-48
0.000983888888888889,-53
0.0009883333333333333,-58
0.0009930555555555556,-63
0.0009975,-68
0.0010019444444444444,-73
0.0010066666666666666,-78
0.001011111111111111,-83
0.0010158333333333334,-88
0.0010202777777777777,-93
0.0010247222222222222,-98
0.0010294444444444444,-103
0.0010338888888888889,-108
0.0010383333333333334,-113
0.0010430555555555555,-118
0.0010480555555555555,-123
0.0010522222222222222,-128
0.0010566666666666667,-133
0.0010613888888888888,-138
0.0010661111111111112,-144
0.0010705555555555555,-150
0.0010752777777777779,-156
0.0010797222222222222,-162
0.0010844444444444445,-168
0.0010891666666666667,-174
0.0010933333333333333,-180
0.0010980555555555555,-186
0.0011025,-192
0.0011072222222222221,-198
0.0011119444444444445,-204
0.0011166666666666666,-210
0.0011213888888888888,-216
0.0011261111111111111,-222
0.0011305555555555557,-228
0.0011352777777777778,-234
0.00114,-240
0.0011444444444444445,-246
0.0011491666666666666,-252
0.001153888888888889,-258
0.0011586111111111111,-264
0.0011630555555555556,-270
0.0011677777777777778,-276
0.0011725,-282
0.0011772222222222223,-288
0.0011816666666666666,-294
0.001186388888888889,-300
0.001191111111111111,-306
0.0011955555555555556,-312
0.0012,-318
0.0012047222222222223,-325
0.0012094444444444444,-332
0.0012141666666666666,-339
0.001218611111111111,-346
0.0012233333333333334,-353
0.0012277777777777777,-360
0.0012322222222222222,-367
0.0012366666666666667,-374
0.0012416666666666667,-381
0.001246111111111111,-388
0.0012505555555555555,-395
0.001255,-402
0.0012594444444444445,-409
0.0012638888888888888,-416
0.0012683333333333333,-423
0.0012730555555555555,-430
0.0012775,-437
0.0012825,198
0.0012869444444444445,196
0.0012916666666666667,194
0.0012961111111111112,192
0.0013011111111111112,190
0.0013052777777777778,188
0.00131,186
0.0013147222222222221,184
0.0013194444444444445,182
0.001323888888888889,180
0.0013288888888888888,177
0.0013333333333333333,174
0.0013380555555555557,171
0.0013425,168
0.0013469444444444444,165
0.0013519444444444445,162
0.0013566666666666666,159
0.0013611111111111111,156
0.0013658333333333333,153
0.00137,150
0.0013744444444444444,147
0.0013791666666666666,144
0.001383888888888889,141
0.0013883333333333334,138
0.0013930555555555556,135
0.0013977777777777777,132
0.0014022222222222222,129
0.0014069444444444444,126
0.0014119444444444444,123
0.0014166666666666668,120
0.001421388888888889,117
0.0014258333333333334,114
0.0014305555555555556,111
0.0014352777777777777,108
0.00144,105
0.0014447222222222222,102
0.0014491666666666667,99
0.001453888888888889,96
0.001458611111111111,93
0.0014633333333333334,90
0.0014680555555555556,86
0.0014727777777777777,82
0.0014772222222222222,78
0.0014816666666666667,74
0.001486111111111111,70
0.0014905555555555555,66
0.0014952777777777779,62
0.0015,58
0.0015047222222222222,54
0.0015094444444444445,50
0.0015138888888888888,46
0.0015186111111111112,42
0.0015230555555555555,38
0.0015277777777777779,34
0.0015325,30
0.0015369444444444445,26
0.0015416666666666667,22
0.0015458333333333333,18
0.0015505555555555555,14
0.0015552777777777778,10
0.0015594444444444445,6
0.001563888888888889,2
0.0015683333333333333,-2
0.0015727777777777778,-6
0.0015772222222222223,-10
0.0015816666666666668,-14
0.001586388888888889,-18
0.001591111111111111,-22
0.0015958333333333334,-26
0.0016005555555555556,-30
0.0016047222222222222,-35
0.0016094444444444444,-40
0.0016144444444444444,-45
0.001618888888888889,-50
0.0016233333333333334,-55
0.0016280555555555555,-60
0.0016325,-65
0.0016375,-70
0.0016425,-75
0.0016466666666666667,-80
0.0016513888888888889,-85
0.001656111111111111,-90
0.0016605555555555555,-95
0.0016652777777777777,-100
0.0016702777777777777,-105
0.001675,-110
0.0016797222222222222,-115
0.0016844444444444444,-120
0.0016891666666666667,-125
0.001693611111111111,-130
0.0016980555555555555,-135
0.0017027777777777779,-140
0.0017072222222222222,-145
0.0017116666666666667,-150
0.0017161111111111112,-155
0.0017205555555555555,-160
0.0017252777777777778,-165
0.00173,-170
0.0017344444444444445,-175
0.0017391666666666666,-180
0.0017438888888888888,-186
0.0017486111111111112,-192
0.0017527777777777778,-198
0.0017572222222222223,-204
0.0017616666666666666,-210
0.001766111111111111,-216
0.0017705555555555556,-222
0.0017752777777777777,-228
0.0017797222222222223,-234
0.0017841666666666668,-240
0.001788611111111111,-246
0.0017933333333333334,-252
0.0017983333333333334,-258
0.0018030555555555556,-264
0.0018077777777777777,-270
0.0018122222222222222,-276
0.0018169444444444444,-282
0.0018213888888888889,-288
0.001826111111111111,-294
0.0018308333333333334,-300
0.0018355555555555556,-306
0.00184,-312
0.0018444444444444443,-318
0.0018488888888888888,-324
0.0018533333333333334,-330
0.0018580555555555555,-336
0.0018627777777777779,-342
0.0018675,-348
0.0018719444444444445,-354
0.0018763888888888888,-360
0.0018808333333333333,-367
0.0018855555555555555,-374
0.0018902777777777778,-381
0.0018944444444444445,-388
0.0018991666666666666,-395
0.001903888888888889,-402
0.0019086111111111111,-409
0.0019133333333333333,-416
0.0019177777777777778,-423
0.0019225,-430
0.0019272222222222223,-437
0.0019319444444444445,198
0.001936388888888889,196
0.0019408333333333333,194
0.0019455555555555556,192
0.0019502777777777778,190
0.0019547222222222223,188
0.0019591666666666668,186
0.0019638888888888887,184
0.001968611111111111,182
0.0019733333333333334,180
0.0019780555555555554,178
0.0019827777777777778,176
0.0019875,174
0.001992222222222222,172
0.0019969444444444444,170
0.002001666666666667,168
0.0020066666666666666,166
0.002011388888888889,164
0.0020158333333333335,162
0.0020205555555555554,160
0.0020252777777777778,158
0.00203,156
0.0020344444444444446,154
0.0020391666666666666,151
0.002043611111111111,148
0.0020483333333333334,145
0.002052777777777778,142
0.0020577777777777777,139
0.0020622222222222222,136
0.0020669444444444446,133
0.002071388888888889,130
0.002076111111111111,127
0.0020808333333333334,124
0.0020855555555555553,121
0.00209,118
0.002094722222222222,115
0.0020994444444444446,112
0.0021041666666666665,109
0.002108611111111111,106
0.0021133333333333334,103
0.0021180555555555558,100
0.0021227777777777777,97
0.002127222222222222,94
0.0021319444444444446,91
0.0021366666666666665,88
0.002141388888888889,85
0.0021461111111111112,82
0.002150833333333333,79
0.0021552777777777777,76
0.002159722222222222,73
0.0021644444444444445,70
0.002168888888888889,67
0.0021733333333333335,64
0.0021780555555555555,61
0.0021825,58
0.0021872222222222223,55
0.0021919444444444443,52
0.0021963888888888888,49
0.002201111111111111,46
0.0022058333333333335,43
0.0022102777777777776,40
0.002215,37
0.0022197222222222223,34
0.0022244444444444443,31
0.0022291666666666666,28
0.002233888888888889,25
0.0022383333333333335,22
0.0022427777777777776,19
0.0022475,16
0.0022522222222222223,13
0.002256666666666667,10
0.0022613888888888887,7
0.002266111111111111,4
0.0022705555555555556,1
0.002275277777777778,-2
0.00228,-5
0.0022844444444444444,-8
0.0022891666666666668,-11
0.0022936111111111113,-14
0.0022983333333333332,-17
0.0023027777777777777,-20
0.0023075,-23
0.002312222222222222,-26
0.0023166666666666665,-30
0.002321388888888889,-34
0.0023261111111111113,-38
0.0023305555555555558,-42
0.0023352777777777777,-46
0.00234,-50
0.0023447222222222224,-54
0.0023491666666666665,-58
0.002353888888888889,-62
0.0023586111111111112,-66
0.0023630555555555557,-70
0.0023677777777777777,-74
0.0023725,-78
0.0023772222222222224,-82
0.0023819444444444443,-86
0.0023869444444444446,-90
0.002391388888888889,-94
0.002396111111111111,-98
0.0024005555555555555,-102
0.002405277777777778,-106
0.0024097222222222224,-110
0.0024141666666666665,-114
0.002418611111111111,-118
0.002423611111111111,-122
0.0024280555555555557,-126
0.0024325,-130
0.0024369444444444443,-134
0.0024413888888888888,-138
0.0024458333333333333,-142
0.0024505555555555556,-146
0.0024552777777777776,-150
0.00246,-154
0.0024647222222222223,-158
0.0024694444444444442,-162
0.0024736111111111113,-166
0.0024780555555555554,-170
0.0024827777777777778,-174
0.0024875,-178
0.0024916666666666668,-182
0.0024961111111111113,-186
0.0025005555555555553,-190
0.0025052777777777777,-194
0.00251,-198
0.002514722222222222,-202
0.0025191666666666665,-206
0.002523611111111111,-210
0.0025283333333333334,-214
0.0025330555555555558,-218
0.0025377777777777777,-222
0.002542222222222222,-226
0.0025469444444444446,-230
0.0025516666666666665,-234
0.002556111111111111,-238
0.0025605555555555555,-242
0.002565277777777778,-246
0.0025702777777777777,-250
0.002574722222222222,-254
0.0025794444444444445,-258
0.0025841666666666665,-262
0.002588611111111111,-266
0.0025933333333333333,-271
0.0025980555555555557,-276
0.0026025,-281
0.002607222222222222,-286
0.0026119444444444445,-291
0.002616388888888889,-296
0.0026208333333333335,-301
0.0026252777777777776,-306
0.00263,-311
0.0026347222222222223,-316
0.002639166666666667,-321
0.0026438888888888888,-326
0.002648611111111111,-331
0.0026530555555555556,-336
0.0026575,-341
0.002662222222222222,-346
0.0026666666666666666,-351
0.002671388888888889,-356
0.0026761111111111113,-361
0.002680277777777778,-366
0.002684722222222222,-371
0.0026891666666666665,-376
0.002693611111111111,-381
0.0026983333333333334,-386
0.0027030555555555558,-391
0.0027075,-396
0.002712222222222222,-401
0.0027166666666666667,-406
0.002721388888888889,-411
0.0027255555555555557,-416
0.00273,-421
0.002734722222222222,-426
0.0027394444444444445,-431
0.0027441666666666665,-436
0.002748888888888889,-441
0.0027533333333333333,198
0.0027580555555555557,196
0.0027625,194
0.002767222222222222,192
0.0027719444444444445,190
0.002776666666666667,188
0.002781111111111111,186
0.0027858333333333333,184
0.0027905555555555557,182
0.0027955555555555555,180
0.0028,178
0.0028047222222222223,176
0.0028094444444444443,174
0.0028141666666666666,172
0.002818611111111111,170
0.0028233333333333335,168
0.0028280555555555554,166
0.0028325,163
0.0028372222222222223,160
0.002841666666666667,157
0.0028463888888888888,154
0.0028508333333333333,151
0.0028555555555555556,148
0.0028597222222222223,145
0.002864722222222222,142
0.0028691666666666666,139
0.002873888888888889,136
0.0028783333333333334,133
0.002882777777777778,130
0.0028875,127
0.0028925,124
0.002897222222222222,121
0.0029016666666666665,118
0.002906111111111111,115
0.0029108333333333334,112
0.0029155555555555553,109
0.0029202777777777777,106
0.0029247222222222222,103
0.0029294444444444446,100
0.0029344444444444444,97
0.002938888888888889,94
0.0029436111111111113,91
0.002948333333333333,88
0.0029525,85
0.002957222222222222,82
0.0029616666666666667,79
0.0029666666666666665,76
0.002971388888888889,72
0.0029755555555555555,68
0.002980277777777778,64
0.0029847222222222224,60
0.0029894444444444443,56
0.0029941666666666667,52
0.002998888888888889,48
0.003003611111111111,44
0.0030080555555555555,40
0.003012777777777778,36
0.0030175,32
0.003022222222222222,28
0.0030269444444444445,24
0.0030622222222222223,20
